{
  "brilliancy_hit": {
    "sounds": [
      {
        "name": "jaams_shinerite:brilliancy_hit",
        "stream": false
      }
    ]
  },
  "lightsteal_hit": {
    "sounds": [
      {
        "name": "jaams_shinerite:lightsteal_hit",
        "stream": false
      }
    ]
  },
  "eats_glow_roots": {
    "sounds": [
      {
        "name": "jaams_shinerite:eats_glow_roots",
        "stream": false
      }
    ]
  },
  "eats_glow_salad": {
    "sounds": [
      {
        "name": "jaams_shinerite:eats_glow_salad",
        "stream": false
      }
    ]
  },
  "shinerite_tool_hit": {
    "sounds": [
      {
        "name": "jaams_shinerite:shinerite_tool_hit",
        "stream": false
      }
    ]
  },
  "shinemerang_shoot": {
    "subtitle": "subtitles.shinemerang_shoot",
    "sounds": [
      {
        "name": "jaams_shinerite:shinemerang_shoot",
        "stream": false
      }
    ]
  },
  "shinemerang_shoot_resonates": {
    "sounds": [
      {
        "name": "jaams_shinerite:shinemerang_shoot_resonates",
        "stream": false
      }
    ]
  },
  "shinemerang_hit": {
    "subtitle": "subtitles.shinemerang_hit",
    "sounds": [
      {
        "name": "jaams_shinerite:shinemerang_hit",
        "stream": false
      }
    ]
  },
  "shinemerang_ground": {
    "subtitle": "subtitles.shinemerang_ground",
    "sounds": [
      {
        "name": "jaams_shinerite:shinemerang_ground",
        "stream": false
      }
    ]
  },
  "shinerite_star_shoot": {
    "subtitle": "subtitles.shinerite_star_shoot",
    "sounds": [
      {
        "name": "jaams_shinerite:shinerite_star_shoot",
        "stream": false
      }
    ]
  },
  "shinerite_star_shoot_resonates": {
    "sounds": [
      {
        "name": "jaams_shinerite:shinerite_star_shoot_resonates",
        "stream": false
      }
    ]
  },
  "shinerite_star_hit": {
    "subtitle": "subtitles.shinerite_star_hit",
    "sounds": [
      {
        "name": "jaams_shinerite:shinerite_star_hit",
        "stream": false
      }
    ]
  },
  "shinerite_star_ground": {
    "subtitle": "subtitles.shinerite_star_ground",
    "sounds": [
      {
        "name": "jaams_shinerite:shinerite_star_ground",
        "stream": false
      }
    ]
  },
  "empty_sound": {
    "sounds": [
      {
        "name": "jaams_shinerite:empty_sound",
        "stream": false
      }
    ]
  }
}