{
  "_fv": 66,
  "_type": "enchantment",
  "definition": {
    "name": "Lightsteal",
    "type": "WEAPON",
    "rarity": "UNCOMMON",
    "maxLevel": 3,
    "damageModifier": 0,
    "compatibleEnchantments": [
      {
        "value": "CUSTOM:Brilliancy"
      }
    ],
    "excludeEnchantments": false,
    "compatibleItems": [
      {
        "value": "TAG:mod:shinerite_tools"
      }
    ],
    "excludeItems": false,
    "isTreasureEnchantment": false,
    "isCurse": false,
    "isAllowedOnBooks": true,
    "canGenerateInLootTables": true,
    "canVillagerTrade": true
  }
}