{
  "_fv": 66,
  "_type": "tool",
  "definition": {
    "toolType": "Spade",
    "renderType": 0,
    "blockingRenderType": 0,
    "texture": "shinerite_shovel",
    "customModelName": "Normal",
    "blockingModelName": "Normal blocking",
    "name": "Shinerite Shovel",
    "specialInformation": {
      "fixedValue": []
    },
    "creativeTabs": [
      {
        "value": "CUSTOM:ShineriteTab"
      }
    ],
    "efficiency": 6.0,
    "attackSpeed": 1.2,
    "enchantability": 16,
    "damageVsEntity": 3.5,
    "usageCount": 632,
    "glowCondition": {
      "fixedValue": false
    },
    "repairItems": [
      {
        "value": "CUSTOM:ShineriteIngot"
      }
    ],
    "immuneToFire": false,
    "blockDropsTier": "IRON",
    "blocksAffected": [],
    "stayInGridWhenCrafting": false,
    "damageOnCrafting": false
  }
}