{
  "parent": "item/handheld",
  "forge_data": {
    "layers": {
      "0": {
        "block_light": 15,
        "sky_light": 15
      }
    }
  },
  "loader": "forge:item_layers",
  "render_types": {},
  "textures": {
    "layer0": "jaams_shinerite:item/shiny_scraper_0",
    "layer1": "jaams_shinerite:item/shiny_scraper_1"
  },
	"display": {
    "thirdperson_righthand": {
        "rotation": [ 0, -0, 45 ],
        "translation": [ -0.50, 2.00, -0.50],
        "scale": [ 0.75, 0.75, 0.85 ]
    },
    "thirdperson_lefthand": {
        "rotation": [ 0, 0, -45 ],
        "translation": [ 0.50, 2.00, -0.50],
        "scale": [ 0.75, 0.75, 0.85 ]
    },
    "firstperson_righthand": {
        "rotation": [ 0, -90, 25 ],
        "translation": [ 1.13, 3.20, 1.13 ],
        "scale": [ 0.58, 0.58, 0.68 ]
    },
    "firstperson_lefthand": {
        "rotation": [ 0, 90, -25 ],
        "translation": [ 1.13, 3.20, 1.13 ],
        "scale": [ 0.58, 0.58, 0.68 ]
    }
    }
}