{
  "parent": "item/handheld",
  "forge_data": {
    "layers": {
      "0": {
        "block_light": 15,
        "sky_light": 15
      }
    }
  },
  "loader": "forge:item_layers",
  "render_types": {},
  "textures": {
    "layer0": "jaams_shinerite:item/shinerite_star"
  },
	"display": {
        "thirdperson_righthand": {
            "rotation": [ 0, -90, 55 ],
            "translation": [ 0, 2.75, 0.5 ],
            "scale": [ 0.85, 0.85, 0.85 ]
        },
        "thirdperson_lefthand": {
            "rotation": [ 0, 90, -55 ],
            "translation": [ 0, 2.75, 0.5 ],
            "scale": [ 0.85, 0.85, 0.85 ]
        },
        "firstperson_righthand": {
            "rotation": [ 0, -90, 25 ],
            "translation": [ 1.13, 3.2, 1.13 ],
            "scale": [ 0.68, 0.68, 0.68 ]
        },
        "firstperson_lefthand": {
            "rotation": [ 0, 90, -25 ],
            "translation": [ 1.13, 3.2, 1.13 ],
            "scale": [ 0.68, 0.68, 0.68 ]
        }
    }
}